date,engineer_id,engineer_experience_years,solution_complexity,client_industry,implementation_time,client_satisfaction,success_metric,followup_required
2023-03-01,E101,5,Medium,Finance,70,4.5,85,No
2023-03-02,E102,3,Low,Healthcare,45,4.8,90,No
2023-03-03,E103,8,High,Retail,95,4.1,75,Yes
2023-03-04,E104,10,Medium,Technology,65,4.9,95,No
2023-03-05,E105,2,Low,Education,50,4.3,80,Yes
2023-03-06,E101,5,High,Finance,85,3.9,70,Yes
2023-03-07,E106,7,Medium,Healthcare,60,4.7,88,No
2023-03-08,E107,4,Low,Retail,40,4.8,92,No
2023-03-09,E108,6,High,Technology,90,4.0,72,Yes
2023-03-10,E109,9,Medium,Education,65,4.6,86,No
2023-03-11,E110,1,Low,Finance,35,4.9,89,No
2023-03-12,E102,3,High,Healthcare,80,3.8,68,Yes
2023-03-13,E103,8,Medium,Retail,65,4.5,83,No
2023-03-14,E111,12,Low,Technology,45,5.0,96,No
2023-03-15,E105,2,High,Education,90,3.7,65,Yes
2023-03-16,E112,6,Medium,Finance,70,4.4,81,No
2023-03-17,E113,4,Low,Healthcare,40,4.9,94,No
2023-03-18,E114,7,High,Retail,85,3.9,71,Yes
2023-03-19,E104,10,Medium,Technology,60,4.7,87,No
2023-03-20,E115,5,Low,Education,45,4.8,91,No
2023-03-21,E116,3,High,Finance,95,3.6,67,Yes
2023-03-22,E117,8,Medium,Healthcare,65,4.5,84,No
2023-03-23,E118,2,Low,Retail,35,4.9,93,No
2023-03-24,E119,11,High,Technology,90,3.8,69,Yes
2023-03-25,E120,4,Medium,Education,60,4.6,86,No