session_id,client_experience,engineer_specialization,engineer_experience,problem_domain,problem_complexity,tools_required,data_size,preprocessing_needed,algorithmic_complexity,time_constraint,session_success
1001,beginner,ml,5,classification,2,pandas,small,minimal,low,flexible,1
1002,intermediate,cv,3,object_detection,4,tensorflow,large,extensive,high,strict,0
1003,expert,nlp,7,sentiment_analysis,3,nltk,medium,moderate,medium,flexible,1
1004,beginner,ml,4,regression,2,scikit-learn,small,minimal,low,strict,1
1005,intermediate,nlp,2,text_classification,3,spacy,medium,moderate,medium,flexible,0
1006,expert,cv,8,image_segmentation,5,pytorch,large,extensive,high,strict,0
1007,beginner,nlp,3,named_entity,2,nltk,small,minimal,low,flexible,1
1008,intermediate,ml,6,clustering,3,scikit-learn,medium,moderate,medium,strict,1
1009,expert,cv,9,facial_recognition,5,opencv,large,extensive,high,flexible,1
1010,beginner,cv,2,basic_processing,1,pillow,small,minimal,low,strict,1
1011,intermediate,nlp,5,topic_modeling,4,gensim,medium,extensive,high,flexible,0
1012,expert,ml,8,time_series,4,pandas,large,moderate,high,strict,1
1013,beginner,ml,3,classification,2,scikit-learn,small,minimal,low,flexible,1
1014,intermediate,cv,4,object_tracking,4,opencv,medium,moderate,high,strict,0
1015,expert,nlp,7,machine_translation,5,tensorflow,large,extensive,high,flexible,0
1016,beginner,nlp,2,basic_nlp,1,nltk,small,minimal,low,strict,1
1017,intermediate,ml,5,anomaly_detection,3,scikit-learn,medium,moderate,medium,flexible,1
1018,expert,cv,9,3d_reconstruction,5,pytorch,large,extensive,high,strict,0
1019,beginner,cv,2,image_filtering,1,opencv,small,minimal,low,flexible,1
1020,intermediate,nlp,4,chatbot,3,rasa,medium,moderate,medium,strict,0
1021,expert,ml,7,reinforcement,5,tensorflow,large,extensive,high,flexible,1
1022,beginner,ml,1,basic_statistics,1,pandas,small,minimal,low,strict,1
1023,intermediate,cv,5,pose_estimation,4,opencv,medium,extensive,high,flexible,0
1024,expert,nlp,8,question_answering,4,transformers,large,moderate,high,strict,1
1025,beginner,nlp,2,text_preprocessing,1,nltk,small,minimal,low,flexible,1
1026,intermediate,ml,6,ensemble_methods,3,scikit-learn,medium,moderate,medium,strict,1
1027,expert,cv,9,video_analysis,5,opencv,large,extensive,high,flexible,0
1028,beginner,cv,1,image_resizing,1,pillow,small,minimal,low,strict,1
1029,intermediate,nlp,4,document_classification,3,spacy,medium,moderate,medium,flexible,1
1030,expert,ml,8,neural_networks,5,pytorch,large,extensive,high,strict,0