session_id,client_domain,interaction_count,interaction_1,interaction_2,interaction_3,interaction_4,interaction_5,problem_category
1001,finance,5,requirement,clarification,data_request,implementation,testing,nlp
1002,healthcare,3,requirement,clarification,implementation,none,none,image_processing
1003,retail,4,requirement,data_request,implementation,testing,none,recommendation
1004,education,5,requirement,clarification,data_request,implementation,testing,forecasting
1005,technology,3,requirement,implementation,testing,none,none,nlp
1006,finance,4,requirement,clarification,implementation,testing,none,forecasting
1007,healthcare,5,requirement,clarification,data_request,implementation,testing,image_processing
1008,retail,3,requirement,implementation,testing,none,none,recommendation
1009,education,4,requirement,data_request,implementation,testing,none,nlp
1010,technology,5,requirement,clarification,data_request,implementation,testing,recommendation
1011,finance,3,requirement,implementation,testing,none,none,image_processing
1012,healthcare,4,requirement,clarification,implementation,testing,none,forecasting
1013,retail,5,requirement,clarification,data_request,implementation,testing,nlp
1014,education,3,requirement,implementation,testing,none,none,recommendation
1015,technology,4,requirement,data_request,implementation,testing,none,image_processing
1016,finance,5,requirement,clarification,data_request,implementation,testing,forecasting
1017,healthcare,3,requirement,implementation,testing,none,none,nlp
1018,retail,4,requirement,clarification,implementation,testing,none,image_processing
1019,education,5,requirement,clarification,data_request,implementation,testing,recommendation
1020,technology,3,requirement,implementation,testing,none,none,forecasting